{
  "IcoMoonType": "selection",
  "icons": [
    {
      "icon": {
        "paths": [
          "M864 0c88.364 0 160 71.634 160 160 0 36.020-11.91 69.258-32 96l-64 64-224-224 64-64c26.742-20.090 59.978-32 96-32zM64 736l-64 288 288-64 592-592-224-224-592 592zM715.578 363.578l-448 448-55.156-55.156 448-448 55.156 55.156z"
        ],
        "tags": [
          "pencil",
          "write",
          "edit"
        ],
        "defaultCode": 59653,
        "grid": 16,
        "attrs": []
      },
      "attrs": [],
      "properties": {
        "ligatures": "pencil, write",
        "name": "pencil",
        "order": 7,
        "id": 6,
        "prevSize": 32,
        "code": 59653
      },
      "setIdx": 1,
      "setId": 1,
      "iconIdx": 5
    },
    {
      "icon": {
        "paths": [
          "M384 640l128-64 448-448-64-64-448 448-64 128zM289.3 867.098c-31.632-66.728-65.666-100.762-132.396-132.394l99.096-272.792 128-77.912 384-384h-192l-384 384-192 640 640-192 384-384v-192l-384 384-77.912 128z"
        ],
        "tags": [
          "pencil",
          "write",
          "edit"
        ],
        "defaultCode": 59654,
        "grid": 16,
        "attrs": []
      },
      "attrs": [],
      "properties": {
        "ligatures": "pencil2, write2",
        "name": "pencil2",
        "order": 8,
        "id": 7,
        "prevSize": 32,
        "code": 59654
      },
      "setIdx": 1,
      "setId": 1,
      "iconIdx": 6
    },
    {
      "icon": {
        "paths": [
          "M864 0h-768c-52.8 0-96 43.2-96 96v832c0 52.8 43.2 96 96 96h768c52.8 0 96-43.2 96-96v-832c0-52.8-43.2-96-96-96zM832 896h-704v-768h704v768zM256 448h448v64h-448zM256 576h448v64h-448zM256 704h448v64h-448zM256 320h448v64h-448z"
        ],
        "tags": [
          "file-text",
          "file",
          "document",
          "list",
          "paper"
        ],
        "defaultCode": 59682,
        "grid": 16,
        "attrs": []
      },
      "attrs": [],
      "properties": {
        "ligatures": "file-text, file",
        "name": "file-text",
        "order": 3,
        "id": 35,
        "prevSize": 32,
        "code": 59682
      },
      "setIdx": 1,
      "setId": 1,
      "iconIdx": 34
    },
    {
      "icon": {
        "paths": [
          "M864 0h-768c-52.8 0-96 43.2-96 96v832c0 52.8 43.2 96 96 96h768c52.8 0 96-43.2 96-96v-832c0-52.8-43.2-96-96-96zM832 896h-704v-768h704v768zM256 576h448v64h-448zM256 704h448v64h-448zM320 288c0-53.019 42.981-96 96-96s96 42.981 96 96c0 53.019-42.981 96-96 96s-96-42.981-96-96zM480 384h-128c-52.8 0-96 28.8-96 64v64h320v-64c0-35.2-43.2-64-96-64z"
        ],
        "tags": [
          "profile",
          "file",
          "document",
          "page",
          "user",
          "paper"
        ],
        "defaultCode": 59683,
        "grid": 16,
        "attrs": []
      },
      "attrs": [],
      "properties": {
        "ligatures": "profile, file2",
        "name": "profile",
        "order": 4,
        "id": 36,
        "prevSize": 32,
        "code": 59683
      },
      "setIdx": 1,
      "setId": 1,
      "iconIdx": 35
    },
    {
      "icon": {
        "paths": [
          "M917.806 229.076c-22.212-30.292-53.174-65.7-87.178-99.704s-69.412-64.964-99.704-87.178c-51.574-37.82-76.592-42.194-90.924-42.194h-496c-44.112 0-80 35.888-80 80v864c0 44.112 35.888 80 80 80h736c44.112 0 80-35.888 80-80v-624c0-14.332-4.372-39.35-42.194-90.924zM785.374 174.626c30.7 30.7 54.8 58.398 72.58 81.374h-153.954v-153.946c22.984 17.78 50.678 41.878 81.374 72.572zM896 944c0 8.672-7.328 16-16 16h-736c-8.672 0-16-7.328-16-16v-864c0-8.672 7.328-16 16-16 0 0 495.956-0.002 496 0v224c0 17.672 14.326 32 32 32h224v624z",
          "M736 832h-448c-17.672 0-32-14.326-32-32s14.328-32 32-32h448c17.674 0 32 14.326 32 32s-14.326 32-32 32z",
          "M736 704h-448c-17.672 0-32-14.326-32-32s14.328-32 32-32h448c17.674 0 32 14.326 32 32s-14.326 32-32 32z",
          "M736 576h-448c-17.672 0-32-14.326-32-32s14.328-32 32-32h448c17.674 0 32 14.326 32 32s-14.326 32-32 32z"
        ],
        "tags": [
          "file-text",
          "file",
          "document",
          "list",
          "paper",
          "page"
        ],
        "defaultCode": 59686,
        "grid": 16,
        "attrs": []
      },
      "attrs": [],
      "properties": {
        "ligatures": "file-text2, file4",
        "name": "file-text2",
        "order": 5,
        "id": 39,
        "prevSize": 32,
        "code": 59686
      },
      "setIdx": 1,
      "setId": 1,
      "iconIdx": 38
    },
    {
      "icon": {
        "paths": [
          "M1024 320l-512-256-512 256 512 256 512-256zM512 148.97l342.058 171.030-342.058 171.030-342.058-171.030 342.058-171.030zM921.444 460.722l102.556 51.278-512 256-512-256 102.556-51.278 409.444 204.722zM921.444 652.722l102.556 51.278-512 256-512-256 102.556-51.278 409.444 204.722z"
        ],
        "tags": [
          "stack",
          "layers"
        ],
        "defaultCode": 59694,
        "grid": 16,
        "attrs": []
      },
      "attrs": [],
      "properties": {
        "ligatures": "stack, layers",
        "name": "stack",
        "order": 9,
        "id": 47,
        "prevSize": 32,
        "code": 59694
      },
      "setIdx": 1,
      "setId": 1,
      "iconIdx": 46
    },
    {
      "icon": {
        "paths": [
          "M512 576l256-256h-192v-256h-128v256h-192zM744.726 471.272l-71.74 71.742 260.080 96.986-421.066 157.018-421.066-157.018 260.080-96.986-71.742-71.742-279.272 104.728v256l512 192 512-192v-256z"
        ],
        "tags": [
          "download",
          "save",
          "store",
          "arrow"
        ],
        "defaultCode": 59744,
        "grid": 16,
        "attrs": []
      },
      "attrs": [],
      "properties": {
        "ligatures": "download, save",
        "name": "download",
        "order": 12,
        "id": 97,
        "prevSize": 32,
        "code": 59744
      },
      "setIdx": 1,
      "setId": 1,
      "iconIdx": 96
    },
    {
      "icon": {
        "paths": [
          "M1024 384h-384l143.53-143.53c-72.53-72.526-168.96-112.47-271.53-112.47s-199 39.944-271.53 112.47c-72.526 72.53-112.47 168.96-112.47 271.53s39.944 199 112.47 271.53c72.53 72.526 168.96 112.47 271.53 112.47s199-39.944 271.528-112.472c6.056-6.054 11.86-12.292 17.456-18.668l96.32 84.282c-93.846 107.166-231.664 174.858-385.304 174.858-282.77 0-512-229.23-512-512s229.23-512 512-512c141.386 0 269.368 57.326 362.016 149.984l149.984-149.984v384z"
        ],
        "tags": [
          "spinner",
          "loading",
          "loading-wheel",
          "refresh",
          "repeat",
          "busy",
          "wait",
          "arrow"
        ],
        "defaultCode": 59780,
        "grid": 16,
        "attrs": []
      },
      "attrs": [],
      "properties": {
        "ligatures": "spinner11, loading12",
        "name": "spinner11",
        "order": 13,
        "id": 133,
        "prevSize": 32,
        "code": 59780
      },
      "setIdx": 1,
      "setId": 1,
      "iconIdx": 132
    },
    {
      "icon": {
        "paths": [
          "M128 320v640c0 35.2 28.8 64 64 64h576c35.2 0 64-28.8 64-64v-640h-704zM320 896h-64v-448h64v448zM448 896h-64v-448h64v448zM576 896h-64v-448h64v448zM704 896h-64v-448h64v448z",
          "M848 128h-208v-80c0-26.4-21.6-48-48-48h-224c-26.4 0-48 21.6-48 48v80h-208c-26.4 0-48 21.6-48 48v80h832v-80c0-26.4-21.6-48-48-48zM576 128h-192v-63.198h192v63.198z"
        ],
        "tags": [
          "bin",
          "trashcan",
          "remove",
          "delete",
          "recycle",
          "dispose"
        ],
        "defaultCode": 59820,
        "grid": 16,
        "attrs": []
      },
      "attrs": [],
      "properties": {
        "ligatures": "bin, trashcan",
        "name": "bin",
        "order": 14,
        "id": 173,
        "prevSize": 32,
        "code": 59820
      },
      "setIdx": 1,
      "setId": 1,
      "iconIdx": 172
    },
    {
      "icon": {
        "paths": [
          "M192 1024h640l64-704h-768zM640 128v-128h-256v128h-320v192l64-64h768l64 64v-192h-320zM576 128h-128v-64h128v64z"
        ],
        "tags": [
          "bin",
          "trashcan",
          "remove",
          "delete",
          "recycle",
          "dispose"
        ],
        "defaultCode": 59821,
        "grid": 16,
        "attrs": []
      },
      "attrs": [],
      "properties": {
        "ligatures": "bin2, trashcan2",
        "name": "bin2",
        "order": 15,
        "id": 174,
        "prevSize": 32,
        "code": 59821
      },
      "setIdx": 1,
      "setId": 1,
      "iconIdx": 173
    },
    {
      "icon": {
        "paths": [
          "M512 0c-282.77 0-512 229.23-512 512s229.23 512 512 512 512-229.23 512-512-229.23-512-512-512zM512 928c-229.75 0-416-186.25-416-416s186.25-416 416-416 416 186.25 416 416-186.25 416-416 416zM384 288l384 224-384 224z"
        ],
        "tags": [
          "play",
          "player"
        ],
        "defaultCode": 59925,
        "grid": 16,
        "attrs": []
      },
      "attrs": [],
      "properties": {
        "ligatures": "play2, player",
        "name": "play2",
        "order": 10,
        "id": 278,
        "prevSize": 32,
        "code": 59925
      },
      "setIdx": 1,
      "setId": 1,
      "iconIdx": 277
    },
    {
      "icon": {
        "paths": [
          "M192 128l640 384-640 384z"
        ],
        "tags": [
          "play",
          "player"
        ],
        "defaultCode": 59932,
        "grid": 16,
        "attrs": []
      },
      "attrs": [],
      "properties": {
        "ligatures": "play3, player8",
        "name": "play3",
        "order": 2,
        "id": 285,
        "prevSize": 32,
        "code": 59932
      },
      "setIdx": 1,
      "setId": 1,
      "iconIdx": 284
    },
    {
      "icon": {
        "paths": [
          "M0 64v896h1024v-896h-1024zM960 896h-896v-768h896v768zM896 192h-768v640h768v-640zM448 512h-64v64h-64v64h-64v-64h64v-64h64v-64h-64v-64h-64v-64h64v64h64v64h64v64zM704 640h-192v-64h192v64z"
        ],
        "tags": [
          "terminal",
          "console",
          "cmd",
          "command-line"
        ],
        "defaultCode": 60033,
        "grid": 16,
        "attrs": []
      },
      "attrs": [],
      "properties": {
        "ligatures": "terminal, console",
        "name": "terminal",
        "order": 6,
        "id": 386,
        "prevSize": 32,
        "code": 60033
      },
      "setIdx": 1,
      "setId": 1,
      "iconIdx": 385
    },
    {
      "icon": {
        "paths": [
          "M842.012 589.48c-13.648-13.446-43.914-20.566-89.972-21.172-31.178-0.344-68.702 2.402-108.17 7.928-17.674-10.198-35.892-21.294-50.188-34.658-38.462-35.916-70.568-85.772-90.576-140.594 1.304-5.12 2.414-9.62 3.448-14.212 0 0 21.666-123.060 15.932-164.666-0.792-5.706-1.276-7.362-2.808-11.796l-1.882-4.834c-5.894-13.592-17.448-27.994-35.564-27.208l-10.916-0.344c-20.202 0-36.664 10.332-40.986 25.774-13.138 48.434 0.418 120.892 24.98 214.738l-6.288 15.286c-17.588 42.876-39.63 86.060-59.078 124.158l-2.528 4.954c-20.46 40.040-39.026 74.028-55.856 102.822l-17.376 9.188c-1.264 0.668-31.044 16.418-38.028 20.644-59.256 35.38-98.524 75.542-105.038 107.416-2.072 10.17-0.53 23.186 10.014 29.212l16.806 8.458c7.292 3.652 14.978 5.502 22.854 5.502 42.206 0 91.202-52.572 158.698-170.366 77.93-25.37 166.652-46.458 244.412-58.090 59.258 33.368 132.142 56.544 178.142 56.544 8.168 0 15.212-0.78 20.932-2.294 8.822-2.336 16.258-7.368 20.792-14.194 8.926-13.432 10.734-31.932 8.312-50.876-0.72-5.622-5.21-12.574-10.068-17.32zM211.646 814.048c7.698-21.042 38.16-62.644 83.206-99.556 2.832-2.296 9.808-8.832 16.194-14.902-47.104 75.124-78.648 105.066-99.4 114.458zM478.434 199.686c13.566 0 21.284 34.194 21.924 66.254s-6.858 54.56-16.158 71.208c-7.702-24.648-11.426-63.5-11.426-88.904 0 0-0.566-48.558 5.66-48.558v0zM398.852 637.494c9.45-16.916 19.282-34.756 29.33-53.678 24.492-46.316 39.958-82.556 51.478-112.346 22.91 41.684 51.444 77.12 84.984 105.512 4.186 3.542 8.62 7.102 13.276 10.65-68.21 13.496-127.164 29.91-179.068 49.862v0zM828.902 633.652c-4.152 2.598-16.052 4.1-23.708 4.1-24.708 0-55.272-11.294-98.126-29.666 16.468-1.218 31.562-1.838 45.102-1.838 24.782 0 32.12-0.108 56.35 6.072 24.228 6.18 24.538 18.734 20.382 21.332v0z",
          "M917.806 229.076c-22.21-30.292-53.174-65.7-87.178-99.704s-69.412-64.964-99.704-87.178c-51.574-37.82-76.592-42.194-90.924-42.194h-496c-44.112 0-80 35.888-80 80v864c0 44.112 35.886 80 80 80h736c44.112 0 80-35.888 80-80v-624c0-14.332-4.372-39.35-42.194-90.924v0zM785.374 174.626c30.7 30.7 54.8 58.398 72.58 81.374h-153.954v-153.946c22.982 17.78 50.678 41.878 81.374 72.572v0zM896 944c0 8.672-7.328 16-16 16h-736c-8.672 0-16-7.328-16-16v-864c0-8.672 7.328-16 16-16 0 0 495.956-0.002 496 0v224c0 17.672 14.324 32 32 32h224v624z"
        ],
        "tags": [
          "file-pdf",
          "file",
          "file-format"
        ],
        "defaultCode": 60127,
        "grid": 16,
        "attrs": []
      },
      "attrs": [],
      "properties": {
        "ligatures": "file-pdf, file10",
        "name": "file-pdf",
        "order": 11,
        "id": 480,
        "prevSize": 32,
        "code": 60127
      },
      "setIdx": 1,
      "setId": 1,
      "iconIdx": 479
    }
  ],
  "height": 1024,
  "metadata": {
    "name": "icomoon"
  },
  "preferences": {
    "showGlyphs": true,
    "showQuickUse": true,
    "showQuickUse2": true,
    "showSVGs": true,
    "fontPref": {
      "prefix": "icon-",
      "metadata": {
        "fontFamily": "icomoon"
      },
      "metrics": {
        "emSize": 1024,
        "baseline": 6.25,
        "whitespace": 50
      },
      "embed": false,
      "autoHost": true
    },
    "imagePref": {
      "prefix": "icon-",
      "png": true,
      "useClassSelector": true,
      "color": 0,
      "bgColor": 16777215,
      "classSelector": ".icon"
    },
    "historySize": 50,
    "showCodes": false,
    "gridSize": 16,
    "showLiga": true,
    "quickUsageToken": {
      "UntitledProject": "NTdjZmViYmYzYmYxN2I2ODE5NTI2Y2NhODBlYmJkNWUjMSMxNTE1Nzk2MDMwIyMj"
    }
  }
}